idna_subject,checker_type,destination,source,tested_at
||050y9lhe8p.com^,AVAILABILITY,origin.list,/home/runner/work/iOSAdblockList-hosts_git_BlackJack8/iOSAdblockList-hosts_git_BlackJack8/origin.list,2021-01-14 00:44:06.348097
||0914.global.ssl.fastly.net^,AVAILABILITY,origin.list,/home/runner/work/iOSAdblockList-hosts_git_BlackJack8/iOSAdblockList-hosts_git_BlackJack8/origin.list,2021-01-14 00:44:09.679836
||0c3-a.tlnk.io^,AVAILABILITY,origin.list,/home/runner/work/iOSAdblockList-hosts_git_BlackJack8/iOSAdblockList-hosts_git_BlackJack8/origin.list,2021-01-14 00:44:13.031625
||0i0i0i0.com^,AVAILABILITY,origin.list,/home/runner/work/iOSAdblockList-hosts_git_BlackJack8/iOSAdblockList-hosts_git_BlackJack8/origin.list,2021-01-14 00:44:16.368202
||1-100-62-1.b.cdn13.com^,AVAILABILITY,origin.list,/home/runner/work/iOSAdblockList-hosts_git_BlackJack8/iOSAdblockList-hosts_git_BlackJack8/origin.list,2021-01-14 00:44:19.689570
||101order.com^,AVAILABILITY,origin.list,/home/runner/work/iOSAdblockList-hosts_git_BlackJack8/iOSAdblockList-hosts_git_BlackJack8/origin.list,2021-01-14 00:44:23.084005
||1197817332.peerclicktrk.com^,AVAILABILITY,origin.list,/home/runner/work/iOSAdblockList-hosts_git_BlackJack8/iOSAdblockList-hosts_git_BlackJack8/origin.list,2021-01-14 00:44:26.503712
||123found.com^,AVAILABILITY,origin.list,/home/runner/work/iOSAdblockList-hosts_git_BlackJack8/iOSAdblockList-hosts_git_BlackJack8/origin.list,2021-01-14 00:44:29.859252
||123mov.is^,AVAILABILITY,origin.list,/home/runner/work/iOSAdblockList-hosts_git_BlackJack8/iOSAdblockList-hosts_git_BlackJack8/origin.list,2021-01-14 00:44:33.269542
||140proof.com^,AVAILABILITY,origin.list,/home/runner/work/iOSAdblockList-hosts_git_BlackJack8/iOSAdblockList-hosts_git_BlackJack8/origin.list,2021-01-14 00:44:36.566516
||1551038821.m-wlmw.com^,AVAILABILITY,origin.list,/home/runner/work/iOSAdblockList-hosts_git_BlackJack8/iOSAdblockList-hosts_git_BlackJack8/origin.list,2021-01-14 00:44:39.928253
||1551282655.m-wlmw.com^,AVAILABILITY,origin.list,/home/runner/work/iOSAdblockList-hosts_git_BlackJack8/iOSAdblockList-hosts_git_BlackJack8/origin.list,2021-01-14 00:44:43.371373
||162f24aaa36a42da94d7fafb8e417e29-adf0901f1861.cdn.forter.com^,AVAILABILITY,origin.list,/home/runner/work/iOSAdblockList-hosts_git_BlackJack8/iOSAdblockList-hosts_git_BlackJack8/origin.list,2021-01-14 00:44:46.777597
||1681.engine.mobileapptracking.com^,AVAILABILITY,origin.list,/home/runner/work/iOSAdblockList-hosts_git_BlackJack8/iOSAdblockList-hosts_git_BlackJack8/origin.list,2021-01-14 00:44:50.174645
||180hits.de^,AVAILABILITY,origin.list,/home/runner/work/iOSAdblockList-hosts_git_BlackJack8/iOSAdblockList-hosts_git_BlackJack8/origin.list,2021-01-14 00:44:53.582167
||180searchassistant.com^,AVAILABILITY,origin.list,/home/runner/work/iOSAdblockList-hosts_git_BlackJack8/iOSAdblockList-hosts_git_BlackJack8/origin.list,2021-01-14 00:44:56.992005
||181fm.adswizz.com^,AVAILABILITY,origin.list,/home/runner/work/iOSAdblockList-hosts_git_BlackJack8/iOSAdblockList-hosts_git_BlackJack8/origin.list,2021-01-14 00:45:00.326248
||181fm.deliveryengine.adswizz.com^,AVAILABILITY,origin.list,/home/runner/work/iOSAdblockList-hosts_git_BlackJack8/iOSAdblockList-hosts_git_BlackJack8/origin.list,2021-01-14 00:45:03.667240
||189638.engine.mobileapptracking.com^,AVAILABILITY,origin.list,/home/runner/work/iOSAdblockList-hosts_git_BlackJack8/iOSAdblockList-hosts_git_BlackJack8/origin.list,2021-01-14 00:45:07.050469
||19534.redirect.appmetrica.yandex.com^,AVAILABILITY,origin.list,/home/runner/work/iOSAdblockList-hosts_git_BlackJack8/iOSAdblockList-hosts_git_BlackJack8/origin.list,2021-01-14 00:45:10.370253
||1bb821ddb967b3e010b63f2a2f3308e3.api.appsee.com^,AVAILABILITY,origin.list,/home/runner/work/iOSAdblockList-hosts_git_BlackJack8/iOSAdblockList-hosts_git_BlackJack8/origin.list,2021-01-14 00:45:13.753734
||1mp.mobi^,AVAILABILITY,origin.list,/home/runner/work/iOSAdblockList-hosts_git_BlackJack8/iOSAdblockList-hosts_git_BlackJack8/origin.list,2021-01-14 00:45:17.163431
||1phads.com^,AVAILABILITY,origin.list,/home/runner/work/iOSAdblockList-hosts_git_BlackJack8/iOSAdblockList-hosts_git_BlackJack8/origin.list,2021-01-14 00:45:20.503461
||1x1rank.com^,AVAILABILITY,origin.list,/home/runner/work/iOSAdblockList-hosts_git_BlackJack8/iOSAdblockList-hosts_git_BlackJack8/origin.list,2021-01-14 00:45:23.986633
||2.iad.appboy.com^,AVAILABILITY,origin.list,/home/runner/work/iOSAdblockList-hosts_git_BlackJack8/iOSAdblockList-hosts_git_BlackJack8/origin.list,2021-01-14 00:45:27.378840
||204.scloud.lfengmobile.com^,AVAILABILITY,origin.list,/home/runner/work/iOSAdblockList-hosts_git_BlackJack8/iOSAdblockList-hosts_git_BlackJack8/origin.list,2021-01-14 00:45:30.774158
||207.net^,AVAILABILITY,origin.list,/home/runner/work/iOSAdblockList-hosts_git_BlackJack8/iOSAdblockList-hosts_git_BlackJack8/origin.list,2021-01-14 00:45:34.142094
||20min.app.tamedia.click^,AVAILABILITY,origin.list,/home/runner/work/iOSAdblockList-hosts_git_BlackJack8/iOSAdblockList-hosts_git_BlackJack8/origin.list,2021-01-14 00:45:37.452609
||22-fa-df9fb22a88ad420abf8c365738dd37cb.vip2-lon1.dlvr1.net^,AVAILABILITY,origin.list,/home/runner/work/iOSAdblockList-hosts_git_BlackJack8/iOSAdblockList-hosts_git_BlackJack8/origin.list,2021-01-14 00:45:40.838554
||22006.tlnk.io^,AVAILABILITY,origin.list,/home/runner/work/iOSAdblockList-hosts_git_BlackJack8/iOSAdblockList-hosts_git_BlackJack8/origin.list,2021-01-14 00:45:44.221512
||22064.recycling.io^,AVAILABILITY,origin.list,/home/runner/work/iOSAdblockList-hosts_git_BlackJack8/iOSAdblockList-hosts_git_BlackJack8/origin.list,2021-01-14 00:45:47.630284
||247media.com^,AVAILABILITY,origin.list,/home/runner/work/iOSAdblockList-hosts_git_BlackJack8/iOSAdblockList-hosts_git_BlackJack8/origin.list,2021-01-14 00:45:51.037756
||247realmedia.com^,AVAILABILITY,origin.list,/home/runner/work/iOSAdblockList-hosts_git_BlackJack8/iOSAdblockList-hosts_git_BlackJack8/origin.list,2021-01-14 00:45:54.435725
||24log.com^,AVAILABILITY,origin.list,/home/runner/work/iOSAdblockList-hosts_git_BlackJack8/iOSAdblockList-hosts_git_BlackJack8/origin.list,2021-01-14 00:45:57.782781
||24log.de^,AVAILABILITY,origin.list,/home/runner/work/iOSAdblockList-hosts_git_BlackJack8/iOSAdblockList-hosts_git_BlackJack8/origin.list,2021-01-14 00:46:01.168669
||24pm-affiliation.com^,AVAILABILITY,origin.list,/home/runner/work/iOSAdblockList-hosts_git_BlackJack8/iOSAdblockList-hosts_git_BlackJack8/origin.list,2021-01-14 00:46:04.552137
||2517d.v.fwmrm.net^,AVAILABILITY,origin.list,/home/runner/work/iOSAdblockList-hosts_git_BlackJack8/iOSAdblockList-hosts_git_BlackJack8/origin.list,2021-01-14 00:46:07.937868
||29627a66.api.splkmobile.com^,AVAILABILITY,origin.list,/home/runner/work/iOSAdblockList-hosts_git_BlackJack8/iOSAdblockList-hosts_git_BlackJack8/origin.list,2021-01-14 00:46:11.270521
||2975c.v.fwmrm.net^,AVAILABILITY,origin.list,/home/runner/work/iOSAdblockList-hosts_git_BlackJack8/iOSAdblockList-hosts_git_BlackJack8/origin.list,2021-01-14 00:46:14.617944
||29v1l11xwnj93mnimu223muo-wpengine.netdna-ssl.com^,AVAILABILITY,origin.list,/home/runner/work/iOSAdblockList-hosts_git_BlackJack8/iOSAdblockList-hosts_git_BlackJack8/origin.list,2021-01-14 00:46:18.006755
||2kpixel.quantserve.com^,AVAILABILITY,origin.list,/home/runner/work/iOSAdblockList-hosts_git_BlackJack8/iOSAdblockList-hosts_git_BlackJack8/origin.list,2021-01-14 00:46:21.416003
||2mdn.net^,AVAILABILITY,origin.list,/home/runner/work/iOSAdblockList-hosts_git_BlackJack8/iOSAdblockList-hosts_git_BlackJack8/origin.list,2021-01-14 00:46:24.826123
||2mdnsys.com^,AVAILABILITY,origin.list,/home/runner/work/iOSAdblockList-hosts_git_BlackJack8/iOSAdblockList-hosts_git_BlackJack8/origin.list,2021-01-14 00:46:28.206691
||2o7.net^,AVAILABILITY,origin.list,/home/runner/work/iOSAdblockList-hosts_git_BlackJack8/iOSAdblockList-hosts_git_BlackJack8/origin.list,2021-01-14 00:46:31.542070
||3.redirect.appmetrica.yandex.com^,AVAILABILITY,origin.list,/home/runner/work/iOSAdblockList-hosts_git_BlackJack8/iOSAdblockList-hosts_git_BlackJack8/origin.list,2021-01-14 00:46:34.929711
||3.rfrl.pw^,AVAILABILITY,origin.list,/home/runner/work/iOSAdblockList-hosts_git_BlackJack8/iOSAdblockList-hosts_git_BlackJack8/origin.list,2021-01-14 00:46:38.338934
||30488.redirect.appmetrica.yandex.com^,AVAILABILITY,origin.list,/home/runner/work/iOSAdblockList-hosts_git_BlackJack8/iOSAdblockList-hosts_git_BlackJack8/origin.list,2021-01-14 00:46:41.724123
||3100-app.mobilgov.com^,AVAILABILITY,origin.list,/home/runner/work/iOSAdblockList-hosts_git_BlackJack8/iOSAdblockList-hosts_git_BlackJack8/origin.list,2021-01-14 00:46:45.111553
||3243857.fls.doubleclick.net^,AVAILABILITY,origin.list,/home/runner/work/iOSAdblockList-hosts_git_BlackJack8/iOSAdblockList-hosts_git_BlackJack8/origin.list,2021-01-14 00:46:48.465201
||3300-app.mobilgov.com^,AVAILABILITY,origin.list,/home/runner/work/iOSAdblockList-hosts_git_BlackJack8/iOSAdblockList-hosts_git_BlackJack8/origin.list,2021-01-14 00:46:51.757324
||33across-d.openx.net^,AVAILABILITY,origin.list,/home/runner/work/iOSAdblockList-hosts_git_BlackJack8/iOSAdblockList-hosts_git_BlackJack8/origin.list,2021-01-14 00:46:55.121547
||360fenxi.mediav.com^,AVAILABILITY,origin.list,/home/runner/work/iOSAdblockList-hosts_git_BlackJack8/iOSAdblockList-hosts_git_BlackJack8/origin.list,2021-01-14 00:46:58.454972
||360in.com^,AVAILABILITY,origin.list,/home/runner/work/iOSAdblockList-hosts_git_BlackJack8/iOSAdblockList-hosts_git_BlackJack8/origin.list,2021-01-14 00:47:01.756222
||360yield.com^,AVAILABILITY,origin.list,/home/runner/work/iOSAdblockList-hosts_git_BlackJack8/iOSAdblockList-hosts_git_BlackJack8/origin.list,2021-01-14 00:47:05.094812
||365holidaydays.com^,AVAILABILITY,origin.list,/home/runner/work/iOSAdblockList-hosts_git_BlackJack8/iOSAdblockList-hosts_git_BlackJack8/origin.list,2021-01-14 00:47:08.418034
||36d6266c.toversea.sched.ovscdns.com^,AVAILABILITY,origin.list,/home/runner/work/iOSAdblockList-hosts_git_BlackJack8/iOSAdblockList-hosts_git_BlackJack8/origin.list,2021-01-14 00:47:11.741752
||397c0.admaster.com.cn^,AVAILABILITY,origin.list,/home/runner/work/iOSAdblockList-hosts_git_BlackJack8/iOSAdblockList-hosts_git_BlackJack8/origin.list,2021-01-14 00:47:15.059785
||3cinteractive.com^,AVAILABILITY,origin.list,/home/runner/work/iOSAdblockList-hosts_git_BlackJack8/iOSAdblockList-hosts_git_BlackJack8/origin.list,2021-01-14 00:47:18.384791
||3d435cd34347e255ef1536bfbd72413c.api.appsee.com^,AVAILABILITY,origin.list,/home/runner/work/iOSAdblockList-hosts_git_BlackJack8/iOSAdblockList-hosts_git_BlackJack8/origin.list,2021-01-14 00:47:21.733637
||3gl.net^,AVAILABILITY,origin.list,/home/runner/work/iOSAdblockList-hosts_git_BlackJack8/iOSAdblockList-hosts_git_BlackJack8/origin.list,2021-01-14 00:47:25.072628
||3lift.com^,AVAILABILITY,origin.list,/home/runner/work/iOSAdblockList-hosts_git_BlackJack8/iOSAdblockList-hosts_git_BlackJack8/origin.list,2021-01-14 00:47:28.394362
||3m.mediav.com^,AVAILABILITY,origin.list,/home/runner/work/iOSAdblockList-hosts_git_BlackJack8/iOSAdblockList-hosts_git_BlackJack8/origin.list,2021-01-14 00:47:31.716763
||3p3x.adj.st^,AVAILABILITY,origin.list,/home/runner/work/iOSAdblockList-hosts_git_BlackJack8/iOSAdblockList-hosts_git_BlackJack8/origin.list,2021-01-14 00:47:35.112936
||3point14.g2afse.com^,AVAILABILITY,origin.list,/home/runner/work/iOSAdblockList-hosts_git_BlackJack8/iOSAdblockList-hosts_git_BlackJack8/origin.list,2021-01-14 00:47:38.450020
||3pt.placelocal.com^,AVAILABILITY,origin.list,/home/runner/work/iOSAdblockList-hosts_git_BlackJack8/iOSAdblockList-hosts_git_BlackJack8/origin.list,2021-01-14 00:47:41.804565
||3s-smart-rtb.mobvista.com^,AVAILABILITY,origin.list,/home/runner/work/iOSAdblockList-hosts_git_BlackJack8/iOSAdblockList-hosts_git_BlackJack8/origin.list,2021-01-14 00:47:45.203848
||4.afs.googleadservices.com^,AVAILABILITY,origin.list,/home/runner/work/iOSAdblockList-hosts_git_BlackJack8/iOSAdblockList-hosts_git_BlackJack8/origin.list,2021-01-14 00:47:48.567797
||4.redirect.appmetrica.yandex.com^,AVAILABILITY,origin.list,/home/runner/work/iOSAdblockList-hosts_git_BlackJack8/iOSAdblockList-hosts_git_BlackJack8/origin.list,2021-01-14 00:47:51.898789
||40cupx20bt643wowwz361l9h-wpengine.netdna-ssl.com^,AVAILABILITY,origin.list,/home/runner/work/iOSAdblockList-hosts_git_BlackJack8/iOSAdblockList-hosts_git_BlackJack8/origin.list,2021-01-14 00:47:55.242417
||425e2-836b6.api.pushwoosh.com^,AVAILABILITY,origin.list,/home/runner/work/iOSAdblockList-hosts_git_BlackJack8/iOSAdblockList-hosts_git_BlackJack8/origin.list,2021-01-14 00:47:58.600169
||4affiliate.net^,AVAILABILITY,origin.list,/home/runner/work/iOSAdblockList-hosts_git_BlackJack8/iOSAdblockList-hosts_git_BlackJack8/origin.list,2021-01-14 00:48:01.932063
||4d5.net^,AVAILABILITY,origin.list,/home/runner/work/iOSAdblockList-hosts_git_BlackJack8/iOSAdblockList-hosts_git_BlackJack8/origin.list,2021-01-14 00:48:05.282944
||4dle.info^,AVAILABILITY,origin.list,/home/runner/work/iOSAdblockList-hosts_git_BlackJack8/iOSAdblockList-hosts_git_BlackJack8/origin.list,2021-01-14 00:48:08.609050
||4dsply.com^,AVAILABILITY,origin.list,/home/runner/work/iOSAdblockList-hosts_git_BlackJack8/iOSAdblockList-hosts_git_BlackJack8/origin.list,2021-01-14 00:48:11.931350
||4info.com^,AVAILABILITY,origin.list,/home/runner/work/iOSAdblockList-hosts_git_BlackJack8/iOSAdblockList-hosts_git_BlackJack8/origin.list,2021-01-14 00:48:15.373739
||4mads.com^,AVAILABILITY,origin.list,/home/runner/work/iOSAdblockList-hosts_git_BlackJack8/iOSAdblockList-hosts_git_BlackJack8/origin.list,2021-01-14 00:48:18.679740
||4q.iperceptions.com^,AVAILABILITY,origin.list,/home/runner/work/iOSAdblockList-hosts_git_BlackJack8/iOSAdblockList-hosts_git_BlackJack8/origin.list,2021-01-14 00:48:22.030613
||4seeresults.com^,AVAILABILITY,origin.list,/home/runner/work/iOSAdblockList-hosts_git_BlackJack8/iOSAdblockList-hosts_git_BlackJack8/origin.list,2021-01-14 00:48:25.411227
||50websads.com^,AVAILABILITY,origin.list,/home/runner/work/iOSAdblockList-hosts_git_BlackJack8/iOSAdblockList-hosts_git_BlackJack8/origin.list,2021-01-14 00:48:28.742729
||518ad.com^,AVAILABILITY,origin.list,/home/runner/work/iOSAdblockList-hosts_git_BlackJack8/iOSAdblockList-hosts_git_BlackJack8/origin.list,2021-01-14 00:48:32.090684
||51yes.com^,AVAILABILITY,origin.list,/home/runner/work/iOSAdblockList-hosts_git_BlackJack8/iOSAdblockList-hosts_git_BlackJack8/origin.list,2021-01-14 00:48:35.461736
||56c19c11bd6f4d0ca4945fb3.tracker.bannerflow.com^,AVAILABILITY,origin.list,/home/runner/work/iOSAdblockList-hosts_git_BlackJack8/iOSAdblockList-hosts_git_BlackJack8/origin.list,2021-01-14 00:48:38.843963
||5726.bapi.adsafeprotected.com^,AVAILABILITY,origin.list,/home/runner/work/iOSAdblockList-hosts_git_BlackJack8/iOSAdblockList-hosts_git_BlackJack8/origin.list,2021-01-14 00:48:42.234519
||578756.gameloft.com^,AVAILABILITY,origin.list,/home/runner/work/iOSAdblockList-hosts_git_BlackJack8/iOSAdblockList-hosts_git_BlackJack8/origin.list,2021-01-14 00:48:45.622345
||5900-app.mobilgov.com^,AVAILABILITY,origin.list,/home/runner/work/iOSAdblockList-hosts_git_BlackJack8/iOSAdblockList-hosts_git_BlackJack8/origin.list,2021-01-14 00:48:49.042667
||5994599.fls.doubleclick.net^,AVAILABILITY,origin.list,/home/runner/work/iOSAdblockList-hosts_git_BlackJack8/iOSAdblockList-hosts_git_BlackJack8/origin.list,2021-01-14 00:48:52.403494
||5ab39ccb6fa1cf6d7c15049d.tracker.bannerflow.com^,AVAILABILITY,origin.list,/home/runner/work/iOSAdblockList-hosts_git_BlackJack8/iOSAdblockList-hosts_git_BlackJack8/origin.list,2021-01-14 00:48:55.785994
||5f3c395.ccm19.de^,AVAILABILITY,origin.list,/home/runner/work/iOSAdblockList-hosts_git_BlackJack8/iOSAdblockList-hosts_git_BlackJack8/origin.list,2021-01-14 00:48:59.182941
||5pr1sfzsl9.com^,AVAILABILITY,origin.list,/home/runner/work/iOSAdblockList-hosts_git_BlackJack8/iOSAdblockList-hosts_git_BlackJack8/origin.list,2021-01-14 00:49:02.545684
||5s4qxy0.appsdeku.com^,AVAILABILITY,origin.list,/home/runner/work/iOSAdblockList-hosts_git_BlackJack8/iOSAdblockList-hosts_git_BlackJack8/origin.list,2021-01-14 00:49:05.955419
||5thfinger.com^,AVAILABILITY,origin.list,/home/runner/work/iOSAdblockList-hosts_git_BlackJack8/iOSAdblockList-hosts_git_BlackJack8/origin.list,2021-01-14 00:49:09.325802
||600z.com^,AVAILABILITY,origin.list,/home/runner/work/iOSAdblockList-hosts_git_BlackJack8/iOSAdblockList-hosts_git_BlackJack8/origin.list,2021-01-14 00:49:12.746563
||6058.bapi.adsafeprotected.com^,AVAILABILITY,origin.list,/home/runner/work/iOSAdblockList-hosts_git_BlackJack8/iOSAdblockList-hosts_git_BlackJack8/origin.list,2021-01-14 00:49:16.065070
||6063.bapi.adsafeprotected.com^,AVAILABILITY,origin.list,/home/runner/work/iOSAdblockList-hosts_git_BlackJack8/iOSAdblockList-hosts_git_BlackJack8/origin.list,2021-01-14 00:49:19.402200
||6067.bapi.adsafeprotected.com^,AVAILABILITY,origin.list,/home/runner/work/iOSAdblockList-hosts_git_BlackJack8/iOSAdblockList-hosts_git_BlackJack8/origin.list,2021-01-14 00:49:22.756615
||623.bapi.adsafeprotected.com^,AVAILABILITY,origin.list,/home/runner/work/iOSAdblockList-hosts_git_BlackJack8/iOSAdblockList-hosts_git_BlackJack8/origin.list,2021-01-14 00:49:26.081886
||6539.bapi.adsafeprotected.com^,AVAILABILITY,origin.list,/home/runner/work/iOSAdblockList-hosts_git_BlackJack8/iOSAdblockList-hosts_git_BlackJack8/origin.list,2021-01-14 00:49:29.476912
||65c6.playfabapi.com^,AVAILABILITY,origin.list,/home/runner/work/iOSAdblockList-hosts_git_BlackJack8/iOSAdblockList-hosts_git_BlackJack8/origin.list,2021-01-14 00:49:32.807625
||707.bapi.adsafeprotected.com^,AVAILABILITY,origin.list,/home/runner/work/iOSAdblockList-hosts_git_BlackJack8/iOSAdblockList-hosts_git_BlackJack8/origin.list,2021-01-14 00:49:36.185631
||7093.bapi.adsafeprotected.com^,AVAILABILITY,origin.list,/home/runner/work/iOSAdblockList-hosts_git_BlackJack8/iOSAdblockList-hosts_git_BlackJack8/origin.list,2021-01-14 00:49:39.577749
||71i.nuggad.net^,AVAILABILITY,origin.list,/home/runner/work/iOSAdblockList-hosts_git_BlackJack8/iOSAdblockList-hosts_git_BlackJack8/origin.list,2021-01-14 00:49:42.934141
||7202.bapi.adsafeprotected.com^,AVAILABILITY,origin.list,/home/runner/work/iOSAdblockList-hosts_git_BlackJack8/iOSAdblockList-hosts_git_BlackJack8/origin.list,2021-01-14 00:49:46.282220
||7246.bapi.adsafeprotected.com^,AVAILABILITY,origin.list,/home/runner/work/iOSAdblockList-hosts_git_BlackJack8/iOSAdblockList-hosts_git_BlackJack8/origin.list,2021-01-14 00:49:49.624167
||7250.bapi.adsafeprotected.com^,AVAILABILITY,origin.list,/home/runner/work/iOSAdblockList-hosts_git_BlackJack8/iOSAdblockList-hosts_git_BlackJack8/origin.list,2021-01-14 00:49:52.969731
||7251.bapi.adsafeprotected.com^,AVAILABILITY,origin.list,/home/runner/work/iOSAdblockList-hosts_git_BlackJack8/iOSAdblockList-hosts_git_BlackJack8/origin.list,2021-01-14 00:49:56.327227
||777partner.com^,AVAILABILITY,origin.list,/home/runner/work/iOSAdblockList-hosts_git_BlackJack8/iOSAdblockList-hosts_git_BlackJack8/origin.list,2021-01-14 00:49:59.664780
||777seo.com^,AVAILABILITY,origin.list,/home/runner/work/iOSAdblockList-hosts_git_BlackJack8/iOSAdblockList-hosts_git_BlackJack8/origin.list,2021-01-14 00:50:03.058488
||77tracking.com^,AVAILABILITY,origin.list,/home/runner/work/iOSAdblockList-hosts_git_BlackJack8/iOSAdblockList-hosts_git_BlackJack8/origin.list,2021-01-14 00:50:06.421940
||7882.bapi.adsafeprotected.com^,AVAILABILITY,origin.list,/home/runner/work/iOSAdblockList-hosts_git_BlackJack8/iOSAdblockList-hosts_git_BlackJack8/origin.list,2021-01-14 00:50:09.741961
||79423.analytics.edgekey.net^,AVAILABILITY,origin.list,/home/runner/work/iOSAdblockList-hosts_git_BlackJack8/iOSAdblockList-hosts_git_BlackJack8/origin.list,2021-01-14 00:50:13.106908
||7a02kdk.mapucamonga.com^,AVAILABILITY,origin.list,/home/runner/work/iOSAdblockList-hosts_git_BlackJack8/iOSAdblockList-hosts_git_BlackJack8/origin.list,2021-01-14 00:50:16.549663
||7bpeople.com^,AVAILABILITY,origin.list,/home/runner/work/iOSAdblockList-hosts_git_BlackJack8/iOSAdblockList-hosts_git_BlackJack8/origin.list,2021-01-14 00:50:20.058421
||7search.com^,AVAILABILITY,origin.list,/home/runner/work/iOSAdblockList-hosts_git_BlackJack8/iOSAdblockList-hosts_git_BlackJack8/origin.list,2021-01-14 00:50:23.406339
||7solo.biz^,AVAILABILITY,origin.list,/home/runner/work/iOSAdblockList-hosts_git_BlackJack8/iOSAdblockList-hosts_git_BlackJack8/origin.list,2021-01-14 00:50:26.817320
||8.dramafeverw2.appspot.com^,AVAILABILITY,origin.list,/home/runner/work/iOSAdblockList-hosts_git_BlackJack8/iOSAdblockList-hosts_git_BlackJack8/origin.list,2021-01-14 00:50:30.253823
||8328.bapi.adsafeprotected.com^,AVAILABILITY,origin.list,/home/runner/work/iOSAdblockList-hosts_git_BlackJack8/iOSAdblockList-hosts_git_BlackJack8/origin.list,2021-01-14 00:50:33.581957
||8443-app.mobilgov.com^,AVAILABILITY,origin.list,/home/runner/work/iOSAdblockList-hosts_git_BlackJack8/iOSAdblockList-hosts_git_BlackJack8/origin.list,2021-01-14 00:50:36.932420
||8993311.fls.doubleclick.net^,AVAILABILITY,origin.list,/home/runner/work/iOSAdblockList-hosts_git_BlackJack8/iOSAdblockList-hosts_git_BlackJack8/origin.list,2021-01-14 00:50:40.349356
||8live.com^,AVAILABILITY,origin.list,/home/runner/work/iOSAdblockList-hosts_git_BlackJack8/iOSAdblockList-hosts_git_BlackJack8/origin.list,2021-01-14 00:50:43.734100
||8ozhygzz5eke.com^,AVAILABILITY,origin.list,/home/runner/work/iOSAdblockList-hosts_git_BlackJack8/iOSAdblockList-hosts_git_BlackJack8/origin.list,2021-01-14 00:50:47.127463
||8rbzrge.appsmaxpower.com^,AVAILABILITY,origin.list,/home/runner/work/iOSAdblockList-hosts_git_BlackJack8/iOSAdblockList-hosts_git_BlackJack8/origin.list,2021-01-14 00:50:50.482876
||8rzt.adj.st^,AVAILABILITY,origin.list,/home/runner/work/iOSAdblockList-hosts_git_BlackJack8/iOSAdblockList-hosts_git_BlackJack8/origin.list,2021-01-14 00:50:53.843824
||8sc13bd.appsdeku.com^,AVAILABILITY,origin.list,/home/runner/work/iOSAdblockList-hosts_git_BlackJack8/iOSAdblockList-hosts_git_BlackJack8/origin.list,2021-01-14 00:50:57.149274
||8ys7j0y0h2-dsn.algolia.net^,AVAILABILITY,origin.list,/home/runner/work/iOSAdblockList-hosts_git_BlackJack8/iOSAdblockList-hosts_git_BlackJack8/origin.list,2021-01-14 00:51:00.493602
||9.bapi.adsafeprotected.com^,AVAILABILITY,origin.list,/home/runner/work/iOSAdblockList-hosts_git_BlackJack8/iOSAdblockList-hosts_git_BlackJack8/origin.list,2021-01-14 00:51:03.849256
||914.global.ssl.fastly.net^,AVAILABILITY,origin.list,/home/runner/work/iOSAdblockList-hosts_git_BlackJack8/iOSAdblockList-hosts_git_BlackJack8/origin.list,2021-01-14 00:51:07.260405
||94vs.adj.st^,AVAILABILITY,origin.list,/home/runner/work/iOSAdblockList-hosts_git_BlackJack8/iOSAdblockList-hosts_git_BlackJack8/origin.list,2021-01-14 00:51:10.631062
||959cad30.api.splkmobile.com^,AVAILABILITY,origin.list,/home/runner/work/iOSAdblockList-hosts_git_BlackJack8/iOSAdblockList-hosts_git_BlackJack8/origin.list,2021-01-14 00:51:13.981690
||970ztqtss4.com^,AVAILABILITY,origin.list,/home/runner/work/iOSAdblockList-hosts_git_BlackJack8/iOSAdblockList-hosts_git_BlackJack8/origin.list,2021-01-14 00:51:17.392656
||97uq.adj.st^,AVAILABILITY,origin.list,/home/runner/work/iOSAdblockList-hosts_git_BlackJack8/iOSAdblockList-hosts_git_BlackJack8/origin.list,2021-01-14 00:51:20.715391
||980media.com^,AVAILABILITY,origin.list,/home/runner/work/iOSAdblockList-hosts_git_BlackJack8/iOSAdblockList-hosts_git_BlackJack8/origin.list,2021-01-14 00:51:24.100625
||99count.com^,AVAILABILITY,origin.list,/home/runner/work/iOSAdblockList-hosts_git_BlackJack8/iOSAdblockList-hosts_git_BlackJack8/origin.list,2021-01-14 00:51:27.487064
||99f480f2934a44cba3156ef3333b7ae7-adf0901f1861.cdn.forter.com^,AVAILABILITY,origin.list,/home/runner/work/iOSAdblockList-hosts_git_BlackJack8/iOSAdblockList-hosts_git_BlackJack8/origin.list,2021-01-14 00:51:30.876415
||9e4rskt.appsdeku.com^,AVAILABILITY,origin.list,/home/runner/work/iOSAdblockList-hosts_git_BlackJack8/iOSAdblockList-hosts_git_BlackJack8/origin.list,2021-01-14 00:51:34.362150
||9f5708ac8bbb4c01822ea1e1dc7ebc09-adf0901f1861.cdn.forter.com^,AVAILABILITY,origin.list,/home/runner/work/iOSAdblockList-hosts_git_BlackJack8/iOSAdblockList-hosts_git_BlackJack8/origin.list,2021-01-14 00:51:37.773469
||9jqp.adj.st^,AVAILABILITY,origin.list,/home/runner/work/iOSAdblockList-hosts_git_BlackJack8/iOSAdblockList-hosts_git_BlackJack8/origin.list,2021-01-14 00:51:41.128841
||a-ads.com^,AVAILABILITY,origin.list,/home/runner/work/iOSAdblockList-hosts_git_BlackJack8/iOSAdblockList-hosts_git_BlackJack8/origin.list,2021-01-14 00:51:44.473645
||a-counter.kiev.ua^,AVAILABILITY,origin.list,/home/runner/work/iOSAdblockList-hosts_git_BlackJack8/iOSAdblockList-hosts_git_BlackJack8/origin.list,2021-01-14 00:51:47.889541
||a-origin.teads.tv^,AVAILABILITY,origin.list,/home/runner/work/iOSAdblockList-hosts_git_BlackJack8/iOSAdblockList-hosts_git_BlackJack8/origin.list,2021-01-14 00:51:51.285295
||a-srvjsr.media.net^,AVAILABILITY,origin.list,/home/runner/work/iOSAdblockList-hosts_git_BlackJack8/iOSAdblockList-hosts_git_BlackJack8/origin.list,2021-01-14 00:51:54.641010
||a-ssl.ligatus.com^,AVAILABILITY,origin.list,/home/runner/work/iOSAdblockList-hosts_git_BlackJack8/iOSAdblockList-hosts_git_BlackJack8/origin.list,2021-01-14 00:51:57.949723
||a-usa.applovin.com^,AVAILABILITY,origin.list,/home/runner/work/iOSAdblockList-hosts_git_BlackJack8/iOSAdblockList-hosts_git_BlackJack8/origin.list,2021-01-14 00:52:01.346302
||a-v2.presage.io^,AVAILABILITY,origin.list,/home/runner/work/iOSAdblockList-hosts_git_BlackJack8/iOSAdblockList-hosts_git_BlackJack8/origin.list,2021-01-14 00:52:04.625916
||a.acrabakasaka.com^,AVAILABILITY,origin.list,/home/runner/work/iOSAdblockList-hosts_git_BlackJack8/iOSAdblockList-hosts_git_BlackJack8/origin.list,2021-01-14 00:52:07.976362
||a.ad.gt^,AVAILABILITY,origin.list,/home/runner/work/iOSAdblockList-hosts_git_BlackJack8/iOSAdblockList-hosts_git_BlackJack8/origin.list,2021-01-14 00:52:11.311701
||a.adgear.com^,AVAILABILITY,origin.list,/home/runner/work/iOSAdblockList-hosts_git_BlackJack8/iOSAdblockList-hosts_git_BlackJack8/origin.list,2021-01-14 00:52:14.679747
||a.adnium.com^,AVAILABILITY,origin.list,/home/runner/work/iOSAdblockList-hosts_git_BlackJack8/iOSAdblockList-hosts_git_BlackJack8/origin.list,2021-01-14 00:52:18.008241
||a.ads1.msn.com^,AVAILABILITY,origin.list,/home/runner/work/iOSAdblockList-hosts_git_BlackJack8/iOSAdblockList-hosts_git_BlackJack8/origin.list,2021-01-14 00:52:21.362882
||a.ads2.msn.com^,AVAILABILITY,origin.list,/home/runner/work/iOSAdblockList-hosts_git_BlackJack8/iOSAdblockList-hosts_git_BlackJack8/origin.list,2021-01-14 00:52:24.690027
||a.adskeeper.co.uk^,AVAILABILITY,origin.list,/home/runner/work/iOSAdblockList-hosts_git_BlackJack8/iOSAdblockList-hosts_git_BlackJack8/origin.list,2021-01-14 00:52:28.135354
||a.adsrvr.org^,AVAILABILITY,origin.list,/home/runner/work/iOSAdblockList-hosts_git_BlackJack8/iOSAdblockList-hosts_git_BlackJack8/origin.list,2021-01-14 00:52:31.472630
||a.adtech.de^,AVAILABILITY,origin.list,/home/runner/work/iOSAdblockList-hosts_git_BlackJack8/iOSAdblockList-hosts_git_BlackJack8/origin.list,2021-01-14 00:52:34.864578
||a.adtechus.com^,AVAILABILITY,origin.list,/home/runner/work/iOSAdblockList-hosts_git_BlackJack8/iOSAdblockList-hosts_git_BlackJack8/origin.list,2021-01-14 00:52:38.285463
||a.adtng.com^,AVAILABILITY,origin.list,/home/runner/work/iOSAdblockList-hosts_git_BlackJack8/iOSAdblockList-hosts_git_BlackJack8/origin.list,2021-01-14 00:52:41.608220
||a.algovid.com^,AVAILABILITY,origin.list,/home/runner/work/iOSAdblockList-hosts_git_BlackJack8/iOSAdblockList-hosts_git_BlackJack8/origin.list,2021-01-14 00:52:45.022366
||a.answers.com^,AVAILABILITY,origin.list,/home/runner/work/iOSAdblockList-hosts_git_BlackJack8/iOSAdblockList-hosts_git_BlackJack8/origin.list,2021-01-14 00:52:48.468321
||a.api.ad-locus.com^,AVAILABILITY,origin.list,/home/runner/work/iOSAdblockList-hosts_git_BlackJack8/iOSAdblockList-hosts_git_BlackJack8/origin.list,2021-01-14 00:52:51.820137
||a.appbaqend.com^,AVAILABILITY,origin.list,/home/runner/work/iOSAdblockList-hosts_git_BlackJack8/iOSAdblockList-hosts_git_BlackJack8/origin.list,2021-01-14 00:52:55.233094
||a.applovin.com^,AVAILABILITY,origin.list,/home/runner/work/iOSAdblockList-hosts_git_BlackJack8/iOSAdblockList-hosts_git_BlackJack8/origin.list,2021-01-14 00:52:58.652394
||a.applvn.com^,AVAILABILITY,origin.list,/home/runner/work/iOSAdblockList-hosts_git_BlackJack8/iOSAdblockList-hosts_git_BlackJack8/origin.list,2021-01-14 00:53:02.076321
||a.aproductmsg.com^,AVAILABILITY,origin.list,/home/runner/work/iOSAdblockList-hosts_git_BlackJack8/iOSAdblockList-hosts_git_BlackJack8/origin.list,2021-01-14 00:53:05.395347
||a.bestcontentprogram.top^,AVAILABILITY,origin.list,/home/runner/work/iOSAdblockList-hosts_git_BlackJack8/iOSAdblockList-hosts_git_BlackJack8/origin.list,2021-01-14 00:53:08.746702
||a.bf-ad.net^,AVAILABILITY,origin.list,/home/runner/work/iOSAdblockList-hosts_git_BlackJack8/iOSAdblockList-hosts_git_BlackJack8/origin.list,2021-01-14 00:53:12.137993
||a.blueserving.com^,AVAILABILITY,origin.list,/home/runner/work/iOSAdblockList-hosts_git_BlackJack8/iOSAdblockList-hosts_git_BlackJack8/origin.list,2021-01-14 00:53:15.586018
||a.c.appier.net^,AVAILABILITY,origin.list,/home/runner/work/iOSAdblockList-hosts_git_BlackJack8/iOSAdblockList-hosts_git_BlackJack8/origin.list,2021-01-14 00:53:18.904010
||a.chartboost.com^,AVAILABILITY,origin.list,/home/runner/work/iOSAdblockList-hosts_git_BlackJack8/iOSAdblockList-hosts_git_BlackJack8/origin.list,2021-01-14 00:53:22.269663
||a.clickyab.com^,AVAILABILITY,origin.list,/home/runner/work/iOSAdblockList-hosts_git_BlackJack8/iOSAdblockList-hosts_git_BlackJack8/origin.list,2021-01-14 00:53:25.616817
||a.consensad.com^,AVAILABILITY,origin.list,/home/runner/work/iOSAdblockList-hosts_git_BlackJack8/iOSAdblockList-hosts_git_BlackJack8/origin.list,2021-01-14 00:53:28.966577
||a.consumer.net^,AVAILABILITY,origin.list,/home/runner/work/iOSAdblockList-hosts_git_BlackJack8/iOSAdblockList-hosts_git_BlackJack8/origin.list,2021-01-14 00:53:32.323134
||a.d.mojigaga.com^,AVAILABILITY,origin.list,/home/runner/work/iOSAdblockList-hosts_git_BlackJack8/iOSAdblockList-hosts_git_BlackJack8/origin.list,2021-01-14 00:53:35.711879
||a.dpmsrv.com^,AVAILABILITY,origin.list,/home/runner/work/iOSAdblockList-hosts_git_BlackJack8/iOSAdblockList-hosts_git_BlackJack8/origin.list,2021-01-14 00:53:39.034185
||a.fiksu.com^,AVAILABILITY,origin.list,/home/runner/work/iOSAdblockList-hosts_git_BlackJack8/iOSAdblockList-hosts_git_BlackJack8/origin.list,2021-01-14 00:53:42.436467
||a.fortumo.com^,AVAILABILITY,origin.list,/home/runner/work/iOSAdblockList-hosts_git_BlackJack8/iOSAdblockList-hosts_git_BlackJack8/origin.list,2021-01-14 00:53:45.830829
||a.gmtrack.com^,AVAILABILITY,origin.list,/home/runner/work/iOSAdblockList-hosts_git_BlackJack8/iOSAdblockList-hosts_git_BlackJack8/origin.list,2021-01-14 00:53:49.295151
||a.goadservices.com^,AVAILABILITY,origin.list,/home/runner/work/iOSAdblockList-hosts_git_BlackJack8/iOSAdblockList-hosts_git_BlackJack8/origin.list,2021-01-14 00:53:52.622665
||a.hiimps.com^,AVAILABILITY,origin.list,/home/runner/work/iOSAdblockList-hosts_git_BlackJack8/iOSAdblockList-hosts_git_BlackJack8/origin.list,2021-01-14 00:53:55.970733
||a.huluad.com^,AVAILABILITY,origin.list,/home/runner/work/iOSAdblockList-hosts_git_BlackJack8/iOSAdblockList-hosts_git_BlackJack8/origin.list,2021-01-14 00:53:59.308242
||a.idio.co^,AVAILABILITY,origin.list,/home/runner/work/iOSAdblockList-hosts_git_BlackJack8/iOSAdblockList-hosts_git_BlackJack8/origin.list,2021-01-14 00:54:02.720205
||a.integral-marketing.com^,AVAILABILITY,origin.list,/home/runner/work/iOSAdblockList-hosts_git_BlackJack8/iOSAdblockList-hosts_git_BlackJack8/origin.list,2021-01-14 00:54:06.121403
||a.koudai.com^,AVAILABILITY,origin.list,/home/runner/work/iOSAdblockList-hosts_git_BlackJack8/iOSAdblockList-hosts_git_BlackJack8/origin.list,2021-01-14 00:54:09.437314
||a.ligatus.com^,AVAILABILITY,origin.list,/home/runner/work/iOSAdblockList-hosts_git_BlackJack8/iOSAdblockList-hosts_git_BlackJack8/origin.list,2021-01-14 00:54:12.772356
||a.medialytics.com^,AVAILABILITY,origin.list,/home/runner/work/iOSAdblockList-hosts_git_BlackJack8/iOSAdblockList-hosts_git_BlackJack8/origin.list,2021-01-14 00:54:16.202104
||a.mgid.com^,AVAILABILITY,origin.list,/home/runner/work/iOSAdblockList-hosts_git_BlackJack8/iOSAdblockList-hosts_git_BlackJack8/origin.list,2021-01-14 00:54:19.594382
||a.mktw.net^,AVAILABILITY,origin.list,/home/runner/work/iOSAdblockList-hosts_git_BlackJack8/iOSAdblockList-hosts_git_BlackJack8/origin.list,2021-01-14 00:54:23.041920
||a.mobify.com^,AVAILABILITY,origin.list,/home/runner/work/iOSAdblockList-hosts_git_BlackJack8/iOSAdblockList-hosts_git_BlackJack8/origin.list,2021-01-14 00:54:26.360748
||a.mobimagic.com^,AVAILABILITY,origin.list,/home/runner/work/iOSAdblockList-hosts_git_BlackJack8/iOSAdblockList-hosts_git_BlackJack8/origin.list,2021-01-14 00:54:29.705615
||a.niholaev.com^,AVAILABILITY,origin.list,/home/runner/work/iOSAdblockList-hosts_git_BlackJack8/iOSAdblockList-hosts_git_BlackJack8/origin.list,2021-01-14 00:54:33.038763
||a.o333o.com^,AVAILABILITY,origin.list,/home/runner/work/iOSAdblockList-hosts_git_BlackJack8/iOSAdblockList-hosts_git_BlackJack8/origin.list,2021-01-14 00:54:36.366683
||a.optinmonster.com^,AVAILABILITY,origin.list,/home/runner/work/iOSAdblockList-hosts_git_BlackJack8/iOSAdblockList-hosts_git_BlackJack8/origin.list,2021-01-14 00:54:39.691793
||a.optmnstr.com^,AVAILABILITY,origin.list,/home/runner/work/iOSAdblockList-hosts_git_BlackJack8/iOSAdblockList-hosts_git_BlackJack8/origin.list,2021-01-14 00:54:43.083700
||a.optmstr.com^,AVAILABILITY,origin.list,/home/runner/work/iOSAdblockList-hosts_git_BlackJack8/iOSAdblockList-hosts_git_BlackJack8/origin.list,2021-01-14 00:54:46.449059
||a.optnmnstr.com^,AVAILABILITY,origin.list,/home/runner/work/iOSAdblockList-hosts_git_BlackJack8/iOSAdblockList-hosts_git_BlackJack8/origin.list,2021-01-14 00:54:49.829192
||a.optnmstr.com^,AVAILABILITY,origin.list,/home/runner/work/iOSAdblockList-hosts_git_BlackJack8/iOSAdblockList-hosts_git_BlackJack8/origin.list,2021-01-14 00:54:53.167184
||a.popin.cc^,AVAILABILITY,origin.list,/home/runner/work/iOSAdblockList-hosts_git_BlackJack8/iOSAdblockList-hosts_git_BlackJack8/origin.list,2021-01-14 00:54:56.529534
||a.pub.network^,AVAILABILITY,origin.list,/home/runner/work/iOSAdblockList-hosts_git_BlackJack8/iOSAdblockList-hosts_git_BlackJack8/origin.list,2021-01-14 00:54:59.921356
||a.r10.mopub.com^,AVAILABILITY,origin.list,/home/runner/work/iOSAdblockList-hosts_git_BlackJack8/iOSAdblockList-hosts_git_BlackJack8/origin.list,2021-01-14 00:55:03.224769
||a.rfihub.com^,AVAILABILITY,origin.list,/home/runner/work/iOSAdblockList-hosts_git_BlackJack8/iOSAdblockList-hosts_git_BlackJack8/origin.list,2021-01-14 00:55:06.550280
||a.rigelink.com^,AVAILABILITY,origin.list,/home/runner/work/iOSAdblockList-hosts_git_BlackJack8/iOSAdblockList-hosts_git_BlackJack8/origin.list,2021-01-14 00:55:09.979687
||a.sakh.com^,AVAILABILITY,origin.list,/home/runner/work/iOSAdblockList-hosts_git_BlackJack8/iOSAdblockList-hosts_git_BlackJack8/origin.list,2021-01-14 00:55:13.302268
||a.ssl.msdk.qq.com^,AVAILABILITY,origin.list,/home/runner/work/iOSAdblockList-hosts_git_BlackJack8/iOSAdblockList-hosts_git_BlackJack8/origin.list,2021-01-14 00:55:16.668085
||a.steepto.com^,AVAILABILITY,origin.list,/home/runner/work/iOSAdblockList-hosts_git_BlackJack8/iOSAdblockList-hosts_git_BlackJack8/origin.list,2021-01-14 00:55:20.041237
||a.stun.kaptcha.com^,AVAILABILITY,origin.list,/home/runner/work/iOSAdblockList-hosts_git_BlackJack8/iOSAdblockList-hosts_git_BlackJack8/origin.list,2021-01-14 00:55:23.378896
||a.tapinfluence.com^,AVAILABILITY,origin.list,/home/runner/work/iOSAdblockList-hosts_git_BlackJack8/iOSAdblockList-hosts_git_BlackJack8/origin.list,2021-01-14 00:55:26.721415
||a.teads.tv^,AVAILABILITY,origin.list,/home/runner/work/iOSAdblockList-hosts_git_BlackJack8/iOSAdblockList-hosts_git_BlackJack8/origin.list,2021-01-14 00:55:30.070795
||a.thirdpresence.com^,AVAILABILITY,origin.list,/home/runner/work/iOSAdblockList-hosts_git_BlackJack8/iOSAdblockList-hosts_git_BlackJack8/origin.list,2021-01-14 00:55:33.372072
||a.tribalfusion.com^,AVAILABILITY,origin.list,/home/runner/work/iOSAdblockList-hosts_git_BlackJack8/iOSAdblockList-hosts_git_BlackJack8/origin.list,2021-01-14 00:55:36.697394
||a.twiago.com^,AVAILABILITY,origin.list,/home/runner/work/iOSAdblockList-hosts_git_BlackJack8/iOSAdblockList-hosts_git_BlackJack8/origin.list,2021-01-14 00:55:40.023084
||a.ucoz.net^,AVAILABILITY,origin.list,/home/runner/work/iOSAdblockList-hosts_git_BlackJack8/iOSAdblockList-hosts_git_BlackJack8/origin.list,2021-01-14 00:55:43.424261
||a.ucoz.ru^,AVAILABILITY,origin.list,/home/runner/work/iOSAdblockList-hosts_git_BlackJack8/iOSAdblockList-hosts_git_BlackJack8/origin.list,2021-01-14 00:55:46.804363
||a.unbounce.com^,AVAILABILITY,origin.list,/home/runner/work/iOSAdblockList-hosts_git_BlackJack8/iOSAdblockList-hosts_git_BlackJack8/origin.list,2021-01-14 00:55:50.131027
||a.volvelle.tech^,AVAILABILITY,origin.list,/home/runner/work/iOSAdblockList-hosts_git_BlackJack8/iOSAdblockList-hosts_git_BlackJack8/origin.list,2021-01-14 00:55:53.525818
||a.vserv.mobi^,AVAILABILITY,origin.list,/home/runner/work/iOSAdblockList-hosts_git_BlackJack8/iOSAdblockList-hosts_git_BlackJack8/origin.list,2021-01-14 00:55:56.874058
||a.x5o.org^,AVAILABILITY,origin.list,/home/runner/work/iOSAdblockList-hosts_git_BlackJack8/iOSAdblockList-hosts_git_BlackJack8/origin.list,2021-01-14 00:56:00.287234
||a.xanga.com^,AVAILABILITY,origin.list,/home/runner/work/iOSAdblockList-hosts_git_BlackJack8/iOSAdblockList-hosts_git_BlackJack8/origin.list,2021-01-14 00:56:03.662958
||a1294.w20.akamai.net^,AVAILABILITY,origin.list,/home/runner/work/iOSAdblockList-hosts_git_BlackJack8/iOSAdblockList-hosts_git_BlackJack8/origin.list,2021-01-14 00:56:07.019271
||a1402.g2.akamai.net^,AVAILABILITY,origin.list,/home/runner/work/iOSAdblockList-hosts_git_BlackJack8/iOSAdblockList-hosts_git_BlackJack8/origin.list,2021-01-14 00:56:10.437470
||a15-tb.isnssdk.com^,AVAILABILITY,origin.list,/home/runner/work/iOSAdblockList-hosts_git_BlackJack8/iOSAdblockList-hosts_git_BlackJack8/origin.list,2021-01-14 00:56:13.837908
||a16-tb.isnssdk.com^,AVAILABILITY,origin.list,/home/runner/work/iOSAdblockList-hosts_git_BlackJack8/iOSAdblockList-hosts_git_BlackJack8/origin.list,2021-01-14 00:56:17.204856
||a1726.casalemedia.com^,AVAILABILITY,origin.list,/home/runner/work/iOSAdblockList-hosts_git_BlackJack8/iOSAdblockList-hosts_git_BlackJack8/origin.list,2021-01-14 00:56:20.630791
||a1843.g.akamai.net^,AVAILABILITY,origin.list,/home/runner/work/iOSAdblockList-hosts_git_BlackJack8/iOSAdblockList-hosts_git_BlackJack8/origin.list,2021-01-14 00:56:23.973156
||a1o1jaw.appsdeku.com^,AVAILABILITY,origin.list,/home/runner/work/iOSAdblockList-hosts_git_BlackJack8/iOSAdblockList-hosts_git_BlackJack8/origin.list,2021-01-14 00:56:27.370756
||a2.chartboost.com^,AVAILABILITY,origin.list,/home/runner/work/iOSAdblockList-hosts_git_BlackJack8/iOSAdblockList-hosts_git_BlackJack8/origin.list,2021-01-14 00:56:30.787641
||a297.c.akamai.net^,AVAILABILITY,origin.list,/home/runner/work/iOSAdblockList-hosts_git_BlackJack8/iOSAdblockList-hosts_git_BlackJack8/origin.list,2021-01-14 00:56:34.176062
||a2dfp.net^,AVAILABILITY,origin.list,/home/runner/work/iOSAdblockList-hosts_git_BlackJack8/iOSAdblockList-hosts_git_BlackJack8/origin.list,2021-01-14 00:56:37.560325
||a2pub.com^,AVAILABILITY,origin.list,/home/runner/work/iOSAdblockList-hosts_git_BlackJack8/iOSAdblockList-hosts_git_BlackJack8/origin.list,2021-01-14 00:56:40.984569
||a3.chartboost.com^,AVAILABILITY,origin.list,/home/runner/work/iOSAdblockList-hosts_git_BlackJack8/iOSAdblockList-hosts_git_BlackJack8/origin.list,2021-01-14 00:56:44.346720
||a301.w62d.akamai.net^,AVAILABILITY,origin.list,/home/runner/work/iOSAdblockList-hosts_git_BlackJack8/iOSAdblockList-hosts_git_BlackJack8/origin.list,2021-01-14 00:56:47.755886
||a50.g2.akamai.net^,AVAILABILITY,origin.list,/home/runner/work/iOSAdblockList-hosts_git_BlackJack8/iOSAdblockList-hosts_git_BlackJack8/origin.list,2021-01-14 00:56:51.093277
||a9.com^,AVAILABILITY,origin.list,/home/runner/work/iOSAdblockList-hosts_git_BlackJack8/iOSAdblockList-hosts_git_BlackJack8/origin.list,2021-01-14 00:56:54.449004
||aa.adfarm1.adition.com^,AVAILABILITY,origin.list,/home/runner/work/iOSAdblockList-hosts_git_BlackJack8/iOSAdblockList-hosts_git_BlackJack8/origin.list,2021-01-14 00:56:57.787255
||aa.agkn.com^,AVAILABILITY,origin.list,/home/runner/work/iOSAdblockList-hosts_git_BlackJack8/iOSAdblockList-hosts_git_BlackJack8/origin.list,2021-01-14 00:57:01.175517
||aa.online-metrix.net^,AVAILABILITY,origin.list,/home/runner/work/iOSAdblockList-hosts_git_BlackJack8/iOSAdblockList-hosts_git_BlackJack8/origin.list,2021-01-14 00:57:04.569635
||aa7bd76554cff2d93d33288d31aa6839.api.appsee.com^,AVAILABILITY,origin.list,/home/runner/work/iOSAdblockList-hosts_git_BlackJack8/iOSAdblockList-hosts_git_BlackJack8/origin.list,2021-01-14 00:57:07.896282
||aaddzz.com^,AVAILABILITY,origin.list,/home/runner/work/iOSAdblockList-hosts_git_BlackJack8/iOSAdblockList-hosts_git_BlackJack8/origin.list,2021-01-14 00:57:11.312823
||aajtak.pushwoosh.com^,AVAILABILITY,origin.list,/home/runner/work/iOSAdblockList-hosts_git_BlackJack8/iOSAdblockList-hosts_git_BlackJack8/origin.list,2021-01-14 00:57:14.740604
||aalb.de17a.com^,AVAILABILITY,origin.list,/home/runner/work/iOSAdblockList-hosts_git_BlackJack8/iOSAdblockList-hosts_git_BlackJack8/origin.list,2021-01-14 00:57:18.130623
||aan.cdn.speedshiftmedia.com^,AVAILABILITY,origin.list,/home/runner/work/iOSAdblockList-hosts_git_BlackJack8/iOSAdblockList-hosts_git_BlackJack8/origin.list,2021-01-14 00:57:21.460133
||aan.speedshiftmedia.com^,AVAILABILITY,origin.list,/home/runner/work/iOSAdblockList-hosts_git_BlackJack8/iOSAdblockList-hosts_git_BlackJack8/origin.list,2021-01-14 00:57:24.810833
||aandb.g2afse.com^,AVAILABILITY,origin.list,/home/runner/work/iOSAdblockList-hosts_git_BlackJack8/iOSAdblockList-hosts_git_BlackJack8/origin.list,2021-01-14 00:57:28.237931
||aarki.com^,AVAILABILITY,origin.list,/home/runner/work/iOSAdblockList-hosts_git_BlackJack8/iOSAdblockList-hosts_git_BlackJack8/origin.list,2021-01-14 00:57:31.667128
||aax-eu-retail-direct.amazon-adsystem.com^,AVAILABILITY,origin.list,/home/runner/work/iOSAdblockList-hosts_git_BlackJack8/iOSAdblockList-hosts_git_BlackJack8/origin.list,2021-01-14 00:57:35.070512
||aax-eu.amazon-adsystem.com^,AVAILABILITY,origin.list,/home/runner/work/iOSAdblockList-hosts_git_BlackJack8/iOSAdblockList-hosts_git_BlackJack8/origin.list,2021-01-14 00:57:38.504571
||aax-us-east.amazon-adsystem.com^,AVAILABILITY,origin.list,/home/runner/work/iOSAdblockList-hosts_git_BlackJack8/iOSAdblockList-hosts_git_BlackJack8/origin.list,2021-01-14 00:57:41.868005
||aax.amazon-adsystem.amazon.com^,AVAILABILITY,origin.list,/home/runner/work/iOSAdblockList-hosts_git_BlackJack8/iOSAdblockList-hosts_git_BlackJack8/origin.list,2021-01-14 00:57:45.262824
||aax.amazon-adsystem.com^,AVAILABILITY,origin.list,/home/runner/work/iOSAdblockList-hosts_git_BlackJack8/iOSAdblockList-hosts_git_BlackJack8/origin.list,2021-01-14 00:57:48.630952
||ab-mknodepub.marketo.com^,AVAILABILITY,origin.list,/home/runner/work/iOSAdblockList-hosts_git_BlackJack8/iOSAdblockList-hosts_git_BlackJack8/origin.list,2021-01-14 00:57:51.982512
||ab.airpush.com^,AVAILABILITY,origin.list,/home/runner/work/iOSAdblockList-hosts_git_BlackJack8/iOSAdblockList-hosts_git_BlackJack8/origin.list,2021-01-14 00:57:55.381247
||ab.batmobi.net^,AVAILABILITY,origin.list,/home/runner/work/iOSAdblockList-hosts_git_BlackJack8/iOSAdblockList-hosts_git_BlackJack8/origin.list,2021-01-14 00:57:58.808039
||abacho.net^,AVAILABILITY,origin.list,/home/runner/work/iOSAdblockList-hosts_git_BlackJack8/iOSAdblockList-hosts_git_BlackJack8/origin.list,2021-01-14 00:58:02.177778
||abandonment3.saas.seewhy.com^,AVAILABILITY,origin.list,/home/runner/work/iOSAdblockList-hosts_git_BlackJack8/iOSAdblockList-hosts_git_BlackJack8/origin.list,2021-01-14 00:58:05.573573
||abandonment4.saas.seewhy.com^,AVAILABILITY,origin.list,/home/runner/work/iOSAdblockList-hosts_git_BlackJack8/iOSAdblockList-hosts_git_BlackJack8/origin.list,2021-01-14 00:58:08.918589
||abandonment5.saas.seewhy.com^,AVAILABILITY,origin.list,/home/runner/work/iOSAdblockList-hosts_git_BlackJack8/iOSAdblockList-hosts_git_BlackJack8/origin.list,2021-01-14 00:58:12.260677
||abandonment6.saas.seewhy.com^,AVAILABILITY,origin.list,/home/runner/work/iOSAdblockList-hosts_git_BlackJack8/iOSAdblockList-hosts_git_BlackJack8/origin.list,2021-01-14 00:58:15.631403
||abc-ads.com^,AVAILABILITY,origin.list,/home/runner/work/iOSAdblockList-hosts_git_BlackJack8/iOSAdblockList-hosts_git_BlackJack8/origin.list,2021-01-14 00:58:19.006659
||abc.imrworldwide.com^,AVAILABILITY,origin.list,/home/runner/work/iOSAdblockList-hosts_git_BlackJack8/iOSAdblockList-hosts_git_BlackJack8/origin.list,2021-01-14 00:58:22.428369
||abc.logly.co.jp^,AVAILABILITY,origin.list,/home/runner/work/iOSAdblockList-hosts_git_BlackJack8/iOSAdblockList-hosts_git_BlackJack8/origin.list,2021-01-14 00:58:25.809203
||abcd.mdc.akamaized.net^,AVAILABILITY,origin.list,/home/runner/work/iOSAdblockList-hosts_git_BlackJack8/iOSAdblockList-hosts_git_BlackJack8/origin.list,2021-01-14 00:58:29.265724
||abcdn.nanigans.com^,AVAILABILITY,origin.list,/home/runner/work/iOSAdblockList-hosts_git_BlackJack8/iOSAdblockList-hosts_git_BlackJack8/origin.list,2021-01-14 00:58:32.660367
||abd.media.net^,AVAILABILITY,origin.list,/home/runner/work/iOSAdblockList-hosts_git_BlackJack8/iOSAdblockList-hosts_git_BlackJack8/origin.list,2021-01-14 00:58:36.055803
||abnad.net^,AVAILABILITY,origin.list,/home/runner/work/iOSAdblockList-hosts_git_BlackJack8/iOSAdblockList-hosts_git_BlackJack8/origin.list,2021-01-14 00:58:39.504715
||abroad-ad.kingsoft-office-service.com^,AVAILABILITY,origin.list,/home/runner/work/iOSAdblockList-hosts_git_BlackJack8/iOSAdblockList-hosts_git_BlackJack8/origin.list,2021-01-14 00:58:42.874729
||abs-v2.proxistore.com^,AVAILABILITY,origin.list,/home/runner/work/iOSAdblockList-hosts_git_BlackJack8/iOSAdblockList-hosts_git_BlackJack8/origin.list,2021-01-14 00:58:46.230530
||absolute.deliveryengine.adswizz.com^,AVAILABILITY,origin.list,/home/runner/work/iOSAdblockList-hosts_git_BlackJack8/iOSAdblockList-hosts_git_BlackJack8/origin.list,2021-01-14 00:58:49.596630
||absoluteclickscom.com^,AVAILABILITY,origin.list,/home/runner/work/iOSAdblockList-hosts_git_BlackJack8/iOSAdblockList-hosts_git_BlackJack8/origin.list,2021-01-14 00:58:52.943587
||abtesting.perfectcorp.com^,AVAILABILITY,origin.list,/home/runner/work/iOSAdblockList-hosts_git_BlackJack8/iOSAdblockList-hosts_git_BlackJack8/origin.list,2021-01-14 00:58:56.289916
||abz.com^,AVAILABILITY,origin.list,/home/runner/work/iOSAdblockList-hosts_git_BlackJack8/iOSAdblockList-hosts_git_BlackJack8/origin.list,2021-01-14 00:58:59.660419
||ac-v1.presage.io^,AVAILABILITY,origin.list,/home/runner/work/iOSAdblockList-hosts_git_BlackJack8/iOSAdblockList-hosts_git_BlackJack8/origin.list,2021-01-14 00:59:03.053592
||ac.adpia.vn^,AVAILABILITY,origin.list,/home/runner/work/iOSAdblockList-hosts_git_BlackJack8/iOSAdblockList-hosts_git_BlackJack8/origin.list,2021-01-14 00:59:06.445746
||ac.batmobi.net^,AVAILABILITY,origin.list,/home/runner/work/iOSAdblockList-hosts_git_BlackJack8/iOSAdblockList-hosts_git_BlackJack8/origin.list,2021-01-14 00:59:09.840011
||ac.mmstat.com^,AVAILABILITY,origin.list,/home/runner/work/iOSAdblockList-hosts_git_BlackJack8/iOSAdblockList-hosts_git_BlackJack8/origin.list,2021-01-14 00:59:13.229160
||ac.rnm.ca^,AVAILABILITY,origin.list,/home/runner/work/iOSAdblockList-hosts_git_BlackJack8/iOSAdblockList-hosts_git_BlackJack8/origin.list,2021-01-14 00:59:16.598625
||ac8fa7667e3813ce8699c44b5aa71900f.profile.tpe50-c1.cloudfront.net^,AVAILABILITY,origin.list,/home/runner/work/iOSAdblockList-hosts_git_BlackJack8/iOSAdblockList-hosts_git_BlackJack8/origin.list,2021-01-14 00:59:19.927964
||acc.magixite.com^,AVAILABILITY,origin.list,/home/runner/work/iOSAdblockList-hosts_git_BlackJack8/iOSAdblockList-hosts_git_BlackJack8/origin.list,2021-01-14 00:59:23.237844
||accelifyhelp.zendesk.com^,AVAILABILITY,origin.list,/home/runner/work/iOSAdblockList-hosts_git_BlackJack8/iOSAdblockList-hosts_git_BlackJack8/origin.list,2021-01-14 00:59:26.662874
||access.conversantmedia.com^,AVAILABILITY,origin.list,/home/runner/work/iOSAdblockList-hosts_git_BlackJack8/iOSAdblockList-hosts_git_BlackJack8/origin.list,2021-01-14 00:59:30.082636
||accessrequest.taboola.com^,AVAILABILITY,origin.list,/home/runner/work/iOSAdblockList-hosts_git_BlackJack8/iOSAdblockList-hosts_git_BlackJack8/origin.list,2021-01-14 00:59:33.456028
||accesstrade.com.vn^,AVAILABILITY,origin.list,/home/runner/work/iOSAdblockList-hosts_git_BlackJack8/iOSAdblockList-hosts_git_BlackJack8/origin.list,2021-01-14 00:59:36.799307
||accesstrade.com^,AVAILABILITY,origin.list,/home/runner/work/iOSAdblockList-hosts_git_BlackJack8/iOSAdblockList-hosts_git_BlackJack8/origin.list,2021-01-14 00:59:40.127606
||accesstrade.vn^,AVAILABILITY,origin.list,/home/runner/work/iOSAdblockList-hosts_git_BlackJack8/iOSAdblockList-hosts_git_BlackJack8/origin.list,2021-01-14 00:59:43.473329
||account.fyber.com^,AVAILABILITY,origin.list,/home/runner/work/iOSAdblockList-hosts_git_BlackJack8/iOSAdblockList-hosts_git_BlackJack8/origin.list,2021-01-14 00:59:46.831472
||accounts.doubleclick.net^,AVAILABILITY,origin.list,/home/runner/work/iOSAdblockList-hosts_git_BlackJack8/iOSAdblockList-hosts_git_BlackJack8/origin.list,2021-01-14 00:59:50.160966
||accscdn.m.taobao.com^,AVAILABILITY,origin.list,/home/runner/work/iOSAdblockList-hosts_git_BlackJack8/iOSAdblockList-hosts_git_BlackJack8/origin.list,2021-01-14 00:59:53.580451
||acdn.adnxs.com^,AVAILABILITY,origin.list,/home/runner/work/iOSAdblockList-hosts_git_BlackJack8/iOSAdblockList-hosts_git_BlackJack8/origin.list,2021-01-14 00:59:56.907223
||acdn.prod.pubstack.io^,AVAILABILITY,origin.list,/home/runner/work/iOSAdblockList-hosts_git_BlackJack8/iOSAdblockList-hosts_git_BlackJack8/origin.list,2021-01-14 01:00:00.279774
||acento.com^,AVAILABILITY,origin.list,/home/runner/work/iOSAdblockList-hosts_git_BlackJack8/iOSAdblockList-hosts_git_BlackJack8/origin.list,2021-01-14 01:00:03.677247
||ach.appodeal.com^,AVAILABILITY,origin.list,/home/runner/work/iOSAdblockList-hosts_git_BlackJack8/iOSAdblockList-hosts_git_BlackJack8/origin.list,2021-01-14 01:00:07.032755
||acjs.aliyun.com^,AVAILABILITY,origin.list,/home/runner/work/iOSAdblockList-hosts_git_BlackJack8/iOSAdblockList-hosts_git_BlackJack8/origin.list,2021-01-14 01:00:10.372049
||ackak.com^,AVAILABILITY,origin.list,/home/runner/work/iOSAdblockList-hosts_git_BlackJack8/iOSAdblockList-hosts_git_BlackJack8/origin.list,2021-01-14 01:00:13.764279
||acme.tango.me^,AVAILABILITY,origin.list,/home/runner/work/iOSAdblockList-hosts_git_BlackJack8/iOSAdblockList-hosts_git_BlackJack8/origin.list,2021-01-14 01:00:17.182442
||acp.fyber.com^,AVAILABILITY,origin.list,/home/runner/work/iOSAdblockList-hosts_git_BlackJack8/iOSAdblockList-hosts_git_BlackJack8/origin.list,2021-01-14 01:00:20.513189
||acrabakasaka.com^,AVAILABILITY,origin.list,/home/runner/work/iOSAdblockList-hosts_git_BlackJack8/iOSAdblockList-hosts_git_BlackJack8/origin.list,2021-01-14 01:00:23.891261
||acrmbjkk6qc5utby.pro^,AVAILABILITY,origin.list,/home/runner/work/iOSAdblockList-hosts_git_BlackJack8/iOSAdblockList-hosts_git_BlackJack8/origin.list,2021-01-14 01:00:27.310282
||acs.m.taobao.com^,AVAILABILITY,origin.list,/home/runner/work/iOSAdblockList-hosts_git_BlackJack8/iOSAdblockList-hosts_git_BlackJack8/origin.list,2021-01-14 01:00:30.633859
||acs4baichuan.m.taobao.com^,AVAILABILITY,origin.list,/home/runner/work/iOSAdblockList-hosts_git_BlackJack8/iOSAdblockList-hosts_git_BlackJack8/origin.list,2021-01-14 01:00:34.019084
||acsdk.gameyw.easebar.com^,AVAILABILITY,origin.list,/home/runner/work/iOSAdblockList-hosts_git_BlackJack8/iOSAdblockList-hosts_git_BlackJack8/origin.list,2021-01-14 01:00:37.373748
||acsseo.com^,AVAILABILITY,origin.list,/home/runner/work/iOSAdblockList-hosts_git_BlackJack8/iOSAdblockList-hosts_git_BlackJack8/origin.list,2021-01-14 01:00:40.685552
||action.restartad.com^,AVAILABILITY,origin.list,/home/runner/work/iOSAdblockList-hosts_git_BlackJack8/iOSAdblockList-hosts_git_BlackJack8/origin.list,2021-01-14 01:00:44.079134
||actions-am.taboola.com^,AVAILABILITY,origin.list,/home/runner/work/iOSAdblockList-hosts_git_BlackJack8/iOSAdblockList-hosts_git_BlackJack8/origin.list,2021-01-14 01:00:47.409852
||actions-ch.taboola.com^,AVAILABILITY,origin.list,/home/runner/work/iOSAdblockList-hosts_git_BlackJack8/iOSAdblockList-hosts_git_BlackJack8/origin.list,2021-01-14 01:00:50.812266
||actions-hk.taboola.com^,AVAILABILITY,origin.list,/home/runner/work/iOSAdblockList-hosts_git_BlackJack8/iOSAdblockList-hosts_git_BlackJack8/origin.list,2021-01-14 01:00:54.193338
||actions-latb.taboola.com^,AVAILABILITY,origin.list,/home/runner/work/iOSAdblockList-hosts_git_BlackJack8/iOSAdblockList-hosts_git_BlackJack8/origin.list,2021-01-14 01:00:57.592107
||actions-nj.taboola.com^,AVAILABILITY,origin.list,/home/runner/work/iOSAdblockList-hosts_git_BlackJack8/iOSAdblockList-hosts_git_BlackJack8/origin.list,2021-01-14 01:01:00.922330
||actions-sg.taboola.com^,AVAILABILITY,origin.list,/home/runner/work/iOSAdblockList-hosts_git_BlackJack8/iOSAdblockList-hosts_git_BlackJack8/origin.list,2021-01-14 01:01:04.347473
||actionsplash.com^,AVAILABILITY,origin.list,/home/runner/work/iOSAdblockList-hosts_git_BlackJack8/iOSAdblockList-hosts_git_BlackJack8/origin.list,2021-01-14 01:01:07.753740
||activate.boostmobile.com^,AVAILABILITY,origin.list,/home/runner/work/iOSAdblockList-hosts_git_BlackJack8/iOSAdblockList-hosts_git_BlackJack8/origin.list,2021-01-14 01:01:11.154765
||active.iperceptions.com^,AVAILABILITY,origin.list,/home/runner/work/iOSAdblockList-hosts_git_BlackJack8/iOSAdblockList-hosts_git_BlackJack8/origin.list,2021-01-14 01:01:14.474838
||activeoffers.appromoters.com^,AVAILABILITY,origin.list,/home/runner/work/iOSAdblockList-hosts_git_BlackJack8/iOSAdblockList-hosts_git_BlackJack8/origin.list,2021-01-14 01:01:17.784781
||activity.m.duiba.com.cn^,AVAILABILITY,origin.list,/home/runner/work/iOSAdblockList-hosts_git_BlackJack8/iOSAdblockList-hosts_git_BlackJack8/origin.list,2021-01-14 01:01:21.179206
||activity.tuifish.com^,AVAILABILITY,origin.list,/home/runner/work/iOSAdblockList-hosts_git_BlackJack8/iOSAdblockList-hosts_git_BlackJack8/origin.list,2021-01-14 01:01:24.601702
||activity.yesware.com.herokudns.com^,AVAILABILITY,origin.list,/home/runner/work/iOSAdblockList-hosts_git_BlackJack8/iOSAdblockList-hosts_git_BlackJack8/origin.list,2021-01-14 01:01:28.019827
||actualdeals.com^,AVAILABILITY,origin.list,/home/runner/work/iOSAdblockList-hosts_git_BlackJack8/iOSAdblockList-hosts_git_BlackJack8/origin.list,2021-01-14 01:01:31.416298
||acuityads.com^,AVAILABILITY,origin.list,/home/runner/work/iOSAdblockList-hosts_git_BlackJack8/iOSAdblockList-hosts_git_BlackJack8/origin.list,2021-01-14 01:01:34.782493
||ad-analytics-bootstrap.metaps.com^,AVAILABILITY,origin.list,/home/runner/work/iOSAdblockList-hosts_git_BlackJack8/iOSAdblockList-hosts_git_BlackJack8/origin.list,2021-01-14 01:01:38.203914
||ad-apac.doubleclick.net^,AVAILABILITY,origin.list,/home/runner/work/iOSAdblockList-hosts_git_BlackJack8/iOSAdblockList-hosts_git_BlackJack8/origin.list,2021-01-14 01:01:41.621949
||ad-balancer.at^,AVAILABILITY,origin.list,/home/runner/work/iOSAdblockList-hosts_git_BlackJack8/iOSAdblockList-hosts_git_BlackJack8/origin.list,2021-01-14 01:01:44.970577
||ad-balancer.net^,AVAILABILITY,origin.list,/home/runner/work/iOSAdblockList-hosts_git_BlackJack8/iOSAdblockList-hosts_git_BlackJack8/origin.list,2021-01-14 01:01:48.305341
||ad-center.com^,AVAILABILITY,origin.list,/home/runner/work/iOSAdblockList-hosts_git_BlackJack8/iOSAdblockList-hosts_git_BlackJack8/origin.list,2021-01-14 01:01:51.655828
||ad-check.disconnect.me^,AVAILABILITY,origin.list,/home/runner/work/iOSAdblockList-hosts_git_BlackJack8/iOSAdblockList-hosts_git_BlackJack8/origin.list,2021-01-14 01:01:54.973586
||ad-creatives-public.commondatastorage.googleapis.com^,AVAILABILITY,origin.list,/home/runner/work/iOSAdblockList-hosts_git_BlackJack8/iOSAdblockList-hosts_git_BlackJack8/origin.list,2021-01-14 01:01:58.345338
||ad-dc2.adtech.de^,AVAILABILITY,origin.list,/home/runner/work/iOSAdblockList-hosts_git_BlackJack8/iOSAdblockList-hosts_git_BlackJack8/origin.list,2021-01-14 01:02:01.748959
||ad-delivery.net^,AVAILABILITY,origin.list,/home/runner/work/iOSAdblockList-hosts_git_BlackJack8/iOSAdblockList-hosts_git_BlackJack8/origin.list,2021-01-14 01:02:05.087843
||ad-e1.media6degrees.com^,AVAILABILITY,origin.list,/home/runner/work/iOSAdblockList-hosts_git_BlackJack8/iOSAdblockList-hosts_git_BlackJack8/origin.list,2021-01-14 01:02:08.422891
||ad-e2.media6degrees.com^,AVAILABILITY,origin.list,/home/runner/work/iOSAdblockList-hosts_git_BlackJack8/iOSAdblockList-hosts_git_BlackJack8/origin.list,2021-01-14 01:02:11.784959
||ad-emea.doubleclick.net^,AVAILABILITY,origin.list,/home/runner/work/iOSAdblockList-hosts_git_BlackJack8/iOSAdblockList-hosts_git_BlackJack8/origin.list,2021-01-14 01:02:15.144789
||ad-ettoday.cdn.hinet.net^,AVAILABILITY,origin.list,/home/runner/work/iOSAdblockList-hosts_git_BlackJack8/iOSAdblockList-hosts_git_BlackJack8/origin.list,2021-01-14 01:02:18.540379
||ad-eu-west.ipredictive.com^,AVAILABILITY,origin.list,/home/runner/work/iOSAdblockList-hosts_git_BlackJack8/iOSAdblockList-hosts_git_BlackJack8/origin.list,2021-01-14 01:02:21.878475
||ad-experience.g2afse.com^,AVAILABILITY,origin.list,/home/runner/work/iOSAdblockList-hosts_git_BlackJack8/iOSAdblockList-hosts_git_BlackJack8/origin.list,2021-01-14 01:02:25.250726
||ad-g.doubleclick.net^,AVAILABILITY,origin.list,/home/runner/work/iOSAdblockList-hosts_git_BlackJack8/iOSAdblockList-hosts_git_BlackJack8/origin.list,2021-01-14 01:02:28.660227
||ad-ipd.sxp.smartclip.net^,AVAILABILITY,origin.list,/home/runner/work/iOSAdblockList-hosts_git_BlackJack8/iOSAdblockList-hosts_git_BlackJack8/origin.list,2021-01-14 01:02:31.991885
||ad-l1.media6degrees.com^,AVAILABILITY,origin.list,/home/runner/work/iOSAdblockList-hosts_git_BlackJack8/iOSAdblockList-hosts_git_BlackJack8/origin.list,2021-01-14 01:02:35.391434
||ad-l2.media6degrees.com^,AVAILABILITY,origin.list,/home/runner/work/iOSAdblockList-hosts_git_BlackJack8/iOSAdblockList-hosts_git_BlackJack8/origin.list,2021-01-14 01:02:38.771724
||ad-maven.com^,AVAILABILITY,origin.list,/home/runner/work/iOSAdblockList-hosts_git_BlackJack8/iOSAdblockList-hosts_git_BlackJack8/origin.list,2021-01-14 01:02:42.143841
||ad-mediation-3.us-east-1.elasticbeanstalk.com^,AVAILABILITY,origin.list,/home/runner/work/iOSAdblockList-hosts_git_BlackJack8/iOSAdblockList-hosts_git_BlackJack8/origin.list,2021-01-14 01:02:45.474857
||ad-mediation.tuanguwen.com^,AVAILABILITY,origin.list,/home/runner/work/iOSAdblockList-hosts_git_BlackJack8/iOSAdblockList-hosts_git_BlackJack8/origin.list,2021-01-14 01:02:48.811051
||ad-miner.com^,AVAILABILITY,origin.list,/home/runner/work/iOSAdblockList-hosts_git_BlackJack8/iOSAdblockList-hosts_git_BlackJack8/origin.list,2021-01-14 01:02:52.207356
||ad-monitor.kargo.com^,AVAILABILITY,origin.list,/home/runner/work/iOSAdblockList-hosts_git_BlackJack8/iOSAdblockList-hosts_git_BlackJack8/origin.list,2021-01-14 01:02:55.585669
||ad-pay.de^,AVAILABILITY,origin.list,/home/runner/work/iOSAdblockList-hosts_git_BlackJack8/iOSAdblockList-hosts_git_BlackJack8/origin.list,2021-01-14 01:02:58.936988
||ad-rotator.com^,AVAILABILITY,origin.list,/home/runner/work/iOSAdblockList-hosts_git_BlackJack8/iOSAdblockList-hosts_git_BlackJack8/origin.list,2021-01-14 01:03:02.254474
||ad-s1.media6degrees.com^,AVAILABILITY,origin.list,/home/runner/work/iOSAdblockList-hosts_git_BlackJack8/iOSAdblockList-hosts_git_BlackJack8/origin.list,2021-01-14 01:03:05.590331
||ad-s2.media6degrees.com^,AVAILABILITY,origin.list,/home/runner/work/iOSAdblockList-hosts_git_BlackJack8/iOSAdblockList-hosts_git_BlackJack8/origin.list,2021-01-14 01:03:09.013993
||ad-sdk-platform.ubeejoy.com^,AVAILABILITY,origin.list,/home/runner/work/iOSAdblockList-hosts_git_BlackJack8/iOSAdblockList-hosts_git_BlackJack8/origin.list,2021-01-14 01:03:12.389018
||ad-sdk.altamob.xiaoying.co^,AVAILABILITY,origin.list,/home/runner/work/iOSAdblockList-hosts_git_BlackJack8/iOSAdblockList-hosts_git_BlackJack8/origin.list,2021-01-14 01:03:15.714822
||ad-server.eu^,AVAILABILITY,origin.list,/home/runner/work/iOSAdblockList-hosts_git_BlackJack8/iOSAdblockList-hosts_git_BlackJack8/origin.list,2021-01-14 01:03:19.100742
||ad-server.gulasidorna.se^,AVAILABILITY,origin.list,/home/runner/work/iOSAdblockList-hosts_git_BlackJack8/iOSAdblockList-hosts_git_BlackJack8/origin.list,2021-01-14 01:03:22.433036
||ad-souk.com^,AVAILABILITY,origin.list,/home/runner/work/iOSAdblockList-hosts_git_BlackJack8/iOSAdblockList-hosts_git_BlackJack8/origin.list,2021-01-14 01:03:25.844919
||ad-space.net^,AVAILABILITY,origin.list,/home/runner/work/iOSAdblockList-hosts_git_BlackJack8/iOSAdblockList-hosts_git_BlackJack8/origin.list,2021-01-14 01:03:29.243942
||ad-specs.guoshipartners.com^,AVAILABILITY,origin.list,/home/runner/work/iOSAdblockList-hosts_git_BlackJack8/iOSAdblockList-hosts_git_BlackJack8/origin.list,2021-01-14 01:03:32.582826
||ad-stir.com^,AVAILABILITY,origin.list,/home/runner/work/iOSAdblockList-hosts_git_BlackJack8/iOSAdblockList-hosts_git_BlackJack8/origin.list,2021-01-14 01:03:35.983745
||ad-sys.com^,AVAILABILITY,origin.list,/home/runner/work/iOSAdblockList-hosts_git_BlackJack8/iOSAdblockList-hosts_git_BlackJack8/origin.list,2021-01-14 01:03:39.312740
||ad-tag.inner-active.mobi^,AVAILABILITY,origin.list,/home/runner/work/iOSAdblockList-hosts_git_BlackJack8/iOSAdblockList-hosts_git_BlackJack8/origin.list,2021-01-14 01:03:42.609388
||ad-tech.com^,AVAILABILITY,origin.list,/home/runner/work/iOSAdblockList-hosts_git_BlackJack8/iOSAdblockList-hosts_git_BlackJack8/origin.list,2021-01-14 01:03:45.981903
||ad-up.com^,AVAILABILITY,origin.list,/home/runner/work/iOSAdblockList-hosts_git_BlackJack8/iOSAdblockList-hosts_git_BlackJack8/origin.list,2021-01-14 01:03:49.302932
||ad-us-west.ipredictive.com^,AVAILABILITY,origin.list,/home/runner/work/iOSAdblockList-hosts_git_BlackJack8/iOSAdblockList-hosts_git_BlackJack8/origin.list,2021-01-14 01:03:52.698648
||ad.100.tbn.ru^,AVAILABILITY,origin.list,/home/runner/work/iOSAdblockList-hosts_git_BlackJack8/iOSAdblockList-hosts_git_BlackJack8/origin.list,2021-01-14 01:03:56.058801
||ad.103092804.com^,AVAILABILITY,origin.list,/home/runner/work/iOSAdblockList-hosts_git_BlackJack8/iOSAdblockList-hosts_git_BlackJack8/origin.list,2021-01-14 01:03:59.367629
||ad.24h.com.vn^,AVAILABILITY,origin.list,/home/runner/work/iOSAdblockList-hosts_git_BlackJack8/iOSAdblockList-hosts_git_BlackJack8/origin.list,2021-01-14 01:04:02.696462
